{
  "locations": [
    {
      "id": 1,
      "Lat": 19.42672619,
      "Lng": -99.1718706,
      "title": "Platzi HQ CDMX"
    },
    {
      "id": 2,
      "Lat": 4.6560716,
      "Lng": -74.0595918,
      "title": "Platzi HQ Bogota"
    }
  ]
}
